article,page,title,chars,comments,editors,first,last
אוטיזם,שיחה:אוטיזם,נמצאו קישורים חיצוניים שצריכים תיקון (מרץ 2024),1344,2,2,9 במרץ 2024,9 במרץ 2024
אוטיזם,שיחה:אוטיזם,בקשת הסבר מכותבי הערך,4952,8,2,22 במרץ 2024,22 במרץ 2024
אוטיזם,שיחה:אוטיזם,[[:אוטיזם]],8078,16,6,23 באפריל 2024,29 באפריל 2024
אוטיזם,שיחה:אוטיזם,נמצאו קישורים חיצוניים שצריכים תיקון (אפריל 2024),1484,2,2,27 באפריל 2024,13 ביוני 2024
אוטיזם,שיחה:אוטיזם,נמצאו קישורים חיצוניים שצריכים תיקון (יוני 2024),1006,2,2,13 ביוני 2024,13 ביוני 2024
אוטיזם,שיחה:אוטיזם,אוטיזם בצבא,2696,9,5,16 ביוני 2024,9 בינואר 2025
אוטיזם,שיחה:אוטיזם,יש טעות איומה בערך !!!!!,8868,4,2,6 באוקטובר 2024,9 באוקטובר 2024
אוטיזם,שיחה:אוטיזם,"הצורה של סמל הספקטרום האוטיסטי, לא כולם מכירים",633,2,1,11 בנובמבר 2024,11 בנובמבר 2024
אוטיזם,שיחה:אוטיזם,נמצאו קישורים חיצוניים שצריכים תיקון (נובמבר 2024),872,1,1,15 בנובמבר 2024,15 בנובמבר 2024
אוטיזם,שיחה:אוטיזם,נמצאו קישורים חיצוניים שצריכים תיקון (דצמבר 2024),1334,1,1,15 בדצמבר 2024,15 בדצמבר 2024
אוטיזם,שיחה:אוטיזם,דיון פיצול - היסטוריה של אוטיזם,2703,12,6,20 במרץ 2025,6 באפריל 2025
אוטיזם,שיחה:אוטיזם,ייצוג בקולנוע,725,3,2,22 במרץ 2025,25 במרץ 2025
אוטיזם,שיחה:אוטיזם,נשים אוטיסטיות,1166,4,4,6 באפריל 2025,9 באפריל 2025
אוטיזם,שיחה:אוטיזם,נמצאו קישורים חיצוניים שצריכים תיקון (יוני 2025),1243,1,1,21 ביוני 2025,21 ביוני 2025
אוטיזם,שיחה:אוטיזם,נמצאו קישורים חיצוניים שצריכים תיקון (אוגוסט 2025),1710,1,1,25 באוגוסט 2025,25 באוגוסט 2025
אוטיזם,שיחה:אוטיזם,"האם המלה ""תסמונת"" מתאימה לתיאור אוטיזם?",1095,4,2,26 בנובמבר 2025,28 בנובמבר 2025
אוטיזם,שיחה:אוטיזם,הכינויים העבריים לפני המינוח הנוכחי,1564,2,2,12 בינואר 2026,12 בינואר 2026
אוטיזם,שיחה:אוטיזם,נמצאו קישורים חיצוניים שצריכים תיקון (מאי 2026),1666,2,2,13 במאי 2026,14 במאי 2026
אוטיזם,שיחה:אוטיזם,נמצאו קישורים חיצוניים שצריכים תיקון (יוני 2026),3645,1,1,21 ביוני 2026,21 ביוני 2026
אוטיזם,שיחה:אוטיזם,עדכון לפי מחקרים חדשים,798,2,2,14 ביולי 2026,14 ביולי 2026
אוטיזם,שיחה:אוטיזם,נמצאו קישורים חיצוניים שצריכים תיקון (אוגוסט 2026),3056,1,1,23 באוגוסט 2026,23 באוגוסט 2026
אוטיזם,שיחה:אוטיזם/ארכיון 1,נוירולוגיה או פסיכולוגיה?,939,0,3,,
אוטיזם,שיחה:אוטיזם/ארכיון 1,אזהרה,217,2,2,26 פברואר 2006,26 פברואר 2006
אוטיזם,שיחה:אוטיזם/ארכיון 1,אוטיזם והטיפול בו,1199,0,0,,
אוטיזם,שיחה:אוטיזם/ארכיון 1,הבל גמור,1930,9,4,16 באוגוסט 2007,16 באוגוסט 2007
אוטיזם,שיחה:אוטיזם/ארכיון 1,מחיקת פרק,2995,6,3,17 באוגוסט 2007,17 באוגוסט 2007
אוטיזם,שיחה:אוטיזם/ארכיון 1,חלק גדול מהמאמר לא ניטראלי,536,1,1,26 בדצמבר 2009,26 בדצמבר 2009
אוטיזם,שיחה:אוטיזם/ארכיון 1,הורדת ההודעה לפיה הערך דורש סידור והרחבה.,583,2,2,26 בדצמבר 2009,26 בדצמבר 2009
אוטיזם,שיחה:אוטיזם/ארכיון 1,מעי דליף.,486,2,2,26 בדצמבר 2009,26 בדצמבר 2009
אוטיזם,שיחה:אוטיזם/ארכיון 1,הרחבת הערך,642,2,2,5 במרץ 2012,5 במרץ 2012
אוטיזם,שיחה:אוטיזם/ארכיון 1,קישור שבור,866,1,1,3 במאי 2013,3 במאי 2013
אוטיזם,שיחה:אוטיזם/ארכיון 1,קישור שבור 2,631,1,1,3 במאי 2013,3 במאי 2013
אוטיזם,שיחה:אוטיזם/ארכיון 1,קישור שבור 3,508,1,1,13 במאי 2013,13 במאי 2013
אוטיזם,שיחה:אוטיזם/ארכיון 1,קישור שבור 4,649,1,1,17 ביוני 2013,17 ביוני 2013
אוטיזם,שיחה:אוטיזם/ארכיון 1,קישור שבור 5,444,1,1,30 בדצמבר 2013,30 בדצמבר 2013
אוטיזם,שיחה:אוטיזם/ארכיון 1,הטעיה,855,2,2,20 באוקטובר 2014,11 בספטמבר 2016
אוטיזם,שיחה:אוטיזם/ארכיון 1,תבנית מחוקה,195,1,1,11 בדצמבר 2018,11 בדצמבר 2018
אוטיזם,שיחה:אוטיזם/ארכיון 1,סעיף לידה קיסרית,164,1,1,23 באוגוסט 2019,23 באוגוסט 2019
אוטיזם,שיחה:אוטיזם/ארכיון 1,שם הערך 2019,852,5,3,27 באוגוסט 2019,13 בספטמבר 2019
אוטיזם,שיחה:אוטיזם/ארכיון 1,דיווח על טעות,31,0,0,,
אוטיזם,שיחה:אוטיזם/ארכיון 1,פרטי הדיווח,346,2,1,13 בספטמבר 2019,13 בספטמבר 2019
אוטיזם,שיחה:אוטיזם/ארכיון 1,איחוד הערך [[הספקטרום האוטיסטי]] עם הערך [[אוטיזם]],368,2,1,26 באוגוסט 2021,21 באוקטובר 2021
אוטיזם,שיחה:אוטיזם/ארכיון 1,מחקר מקורי או מבוסס?,803,2,1,21 באוקטובר 2021,21 באוקטובר 2021
אוטיזם,שיחה:אוטיזם/ארכיון 1,דרישת עריכה,581,1,0,13 בנובמבר 2022,13 בנובמבר 2022
אוטיזם,שיחה:אוטיזם/ארכיון 1,מידע מוטל בספק ולא ממוסמך,2633,7,4,31 בדצמבר 2022,1 בינואר 2023
אוטיזם,שיחה:אוטיזם/ארכיון 1,שינוי שם?,8634,24,8,3 במרץ 2023,3 במרץ 2023
אוטיזם,שיחה:אוטיזם/ארכיון 1,סיכום ביניים,17210,24,7,3 במרץ 2023,5 במרץ 2023
אוטיזם,שיחה:אוטיזם/ארכיון 1,שם הערך לאחר השינוי,4848,13,8,9 במרץ 2023,9 באפריל 2023
אוטיזם,שיחה:אוטיזם/ארכיון 1,טיפולים,6730,17,5,3 במרץ 2023,2 במאי 2023
אוטיזם,שיחה:אוטיזם/ארכיון 2,The use of language in autism research,6451,12,2,29 באפריל 2023,2 במאי 2023
אוטיזם,שיחה:אוטיזם/ארכיון 2,אוטיזם וקשיי למידה,5412,10,4,29 באפריל 2023,17 ביוני 2023
אוטיזם,שיחה:אוטיזם/ארכיון 2,תוחלת חיים,3402,8,4,31 במאי 2023,18 ביוני 2023
אוטיזם,שיחה:אוטיזם/ארכיון 2,נמצאו קישורים חיצוניים שצריכים תיקון (יוני 2023),1688,2,2,5 ביוני 2023,5 ביוני 2023
אוטיזם,שיחה:אוטיזם/ארכיון 2,"שימוש בביטוי ""הספקטרום האוטיסטי"" במקום ""אוטיסט""",1895,5,4,18 ביוני 2023,18 ביוני 2023
אוטיזם,שיחה:אוטיזם/ארכיון 2,נמצאו קישורים חיצוניים שצריכים תיקון (יוני 2023),1328,2,2,20 ביוני 2023,20 ביוני 2023
אוטיזם,שיחה:אוטיזם/ארכיון 2,הבהרות,11042,24,7,20 ביוני 2023,24 ביוני 2023
אוטיזם,שיחה:אוטיזם/ארכיון 2,נמצאו קישורים חיצוניים שצריכים תיקון (יולי 2023),889,1,1,5 ביולי 2023,5 ביולי 2023
אוטיזם,שיחה:אוטיזם/ארכיון 2,הצעת הוספה למומלצים,24,0,0,,
אוטיזם,שיחה:אוטיזם/ארכיון 2,דיון,23503,42,12,19 ביולי 2023,29 באוגוסט 2023
אוטיזם,שיחה:אוטיזם/ארכיון 2,נמצאו קישורים חיצוניים שצריכים תיקון (יולי 2023),884,1,1,23 ביולי 2023,23 ביולי 2023
אוטיזם,שיחה:אוטיזם/ארכיון 2,מבנה הערך,1791,2,2,29 באוגוסט 2023,29 באוגוסט 2023
אוטיזם,שיחה:אוטיזם/ארכיון 2,"""לא"" בלשון עבר ועתיד",7522,16,6,4 בספטמבר 2023,11 בספטמבר 2023
אוטיזם,שיחה:אוטיזם/ארכיון 2,בעיה בקישורי ארכיון בערך (ספטמבר 2023),888,2,2,18 בספטמבר 2023,18 בספטמבר 2023
אוטיזם,שיחה:אוטיזם/ארכיון 2,נמצאו קישורים חיצוניים שצריכים תיקון (דצמבר 2023),1297,1,1,14 בדצמבר 2023,14 בדצמבר 2023
אוטיזם,שיחה:אוטיזם/הצעת הוספה למומלצים,[[קובץ:Article Adding.svg|25px]] הוספה: [[אוטיזם]],587,2,0,28 באוגוסט 2023,19 ביולי 2023
אוטיזם,שיחה:אוטיזם/הצעת הוספה למומלצים,בעד הוספה,1286,11,11,28 באוגוסט 2023,3 בספטמבר 2023
אוטיזם,שיחה:אוטיזם/הצעת הוספה למומלצים,נגד הוספה,1,0,0,,
אוטיזם,שיחה:אוטיזם/הצעת הוספה למומלצים,הערה,708,1,1,31 באוגוסט 2023,31 באוגוסט 2023
אוטיזם,שיחה:אוטיזם/הצעת הוספה למומלצים,תוצאות ההצבעה,253,1,0,4 בספטמבר 2023,4 בספטמבר 2023
אנורקסיה נרבוזה,שיחה:אנורקסיה נרבוזה,הפניה מאנורקסיה,202,1,1,18 בפברואר 2007,18 בפברואר 2007
אנורקסיה נרבוזה,שיחה:אנורקסיה נרבוזה,אוקסימורון-פדיה.,102,0,1,,
אנורקסיה נרבוזה,שיחה:אנורקסיה נרבוזה,שלום.. אני הכנסתי את התוכן לערך זה ואין לי מושג וזמן לערוך אותו,871,0,0,,
אנורקסיה נרבוזה,שיחה:אנורקסיה נרבוזה,שלום,221,1,1,21 ביולי 2007,21 ביולי 2007
אנורקסיה נרבוזה,שיחה:אנורקסיה נרבוזה,עדות של חולה מיום אשפוז במחלקת הפרעות אכילה ב[[תל השומר]],1760,0,0,,
אנורקסיה נרבוזה,שיחה:אנורקסיה נרבוזה,אנורקסיה נרבוזה בנוער,234,0,0,,
אנורקסיה נרבוזה,שיחה:אנורקסיה נרבוזה,קארן קרפנטר,975,4,2,30 בספטמבר 2010,30 בספטמבר 2010
אנורקסיה נרבוזה,שיחה:אנורקסיה נרבוזה,מקור המילה,703,1,1,6 בפברואר 2011,6 בפברואר 2011
אנורקסיה נרבוזה,שיחה:אנורקסיה נרבוזה,עזר לי להבין,151,1,0,13 במרץ 2012,13 במרץ 2012
אנורקסיה נרבוזה,שיחה:אנורקסיה נרבוזה,שאלה..,436,2,1,25 במאי 2012,25 במאי 2012
אנורקסיה נרבוזה,שיחה:אנורקסיה נרבוזה,"עריכת ה""גורמים""",493,0,0,,
אנורקסיה נרבוזה,שיחה:אנורקסיה נרבוזה,קישור שבור,427,1,1,14 במאי 2013,14 במאי 2013
אנורקסיה נרבוזה,שיחה:אנורקסיה נרבוזה,קישור שבור 2,425,1,1,14 במאי 2013,14 במאי 2013
אנורקסיה נרבוזה,שיחה:אנורקסיה נרבוזה,חסר קריטריון לאבחון,268,2,2,19 בדצמבר 2015,19 בדצמבר 2015
אנורקסיה נרבוזה,שיחה:אנורקסיה נרבוזה,כתיבה לא מכבדת,363,2,1,29 ביולי 2019,29 ביולי 2019
אנורקסיה נרבוזה,שיחה:אנורקסיה נרבוזה,"""אנורקטי""",549,4,2,24 בדצמבר 2020,30 ביוני 2022
אנורקסיה נרבוזה,שיחה:אנורקסיה נרבוזה,מחקרים,325,1,1,26 בדצמבר 2020,26 בדצמבר 2020
גזלייטינג,שיחה:גזלייטינג,משוב מ-27 באוגוסט 2019,2268,4,3,27 באוגוסט 2019,27 באוגוסט 2019
גזלייטינג,שיחה:גזלייטינג,שם הערך,2131,4,3,11 בספטמבר 2019,17 בספטמבר 2019
גזלייטינג,שיחה:גזלייטינג,אטימולוגיה של המושג נרנור,14759,17,7,15 באוקטובר 2019,12 בדצמבר 2021
גזלייטינג,שיחה:גזלייטינג,משוב מ-21 בספטמבר 2020,100,0,0,,
גזלייטינג,שיחה:גזלייטינג,"שינוי שם ל""גזלייטינג""",1739,6,4,26 במאי 2021,27 במאי 2021
גזלייטינג,שיחה:גזלייטינג,דבר שמתחפש לאהבה,39430,94,15,26 במאי 2021,8 ביוני 2021
גזלייטינג,שיחה:גזלייטינג,שינוי שם,1405,6,6,8 במאי 2023,1 בפברואר 2024
דיכאון קליני,שיחה:דיכאון קליני,שיטות אלטרנטיביות,24352,26,3,20 דצמבר 2005,3 ינואר 2006
דיכאון קליני,שיחה:דיכאון קליני,שאול המלך,249,1,1,3 ינואר 2006,3 ינואר 2006
דיכאון קליני,שיחה:דיכאון קליני,שם הערך,157,1,1,3 יולי 2006,3 יולי 2006
דיכאון קליני,שיחה:דיכאון קליני,אפידמולוגיה או שכיחות,239,1,1,5 יולי 2006,5 יולי 2006
דיכאון קליני,שיחה:דיכאון קליני,המכניזם הביולוגי של דכאון?,940,4,3,15 יולי 2006,9 בפברואר 2007
דיכאון קליני,שיחה:דיכאון קליני,ערך מומלץ,239,1,2,9 במאי 2007,9 במאי 2007
דיכאון קליני,שיחה:דיכאון קליני,הערות,584,1,1,23 במאי 2007,23 במאי 2007
דיכאון קליני,שיחה:דיכאון קליני,סוגי דיכאון,307,1,1,23 במאי 2007,23 במאי 2007
דיכאון קליני,שיחה:דיכאון קליני,שינוי שם הערך,487,2,2,15 באוגוסט 2008,4 באוקטובר 2008
דיכאון קליני,שיחה:דיכאון קליני,השם באנגלית,330,1,1,16 ביולי 2010,16 ביולי 2010
דיכאון קליני,שיחה:דיכאון קליני,השינוי בהגדרה,1313,4,2,10 באוגוסט 2010,12 באוגוסט 2010
דיכאון קליני,שיחה:דיכאון קליני,מריחואנה רפואית,956,3,3,23 בינואר 2011,15 בדצמבר 2012
דיכאון קליני,שיחה:דיכאון קליני,טיפול פסיכודינמי לעומת CBT,265,0,0,,
דיכאון קליני,שיחה:דיכאון קליני,קישור חיצוני,12534,21,5,7 במרץ 2014,16 במרץ 2014
דיכאון קליני,שיחה:דיכאון קליני,התמודדות אישית,903,2,2,5 במאי 2014,5 במאי 2014
דיכאון קליני,שיחה:דיכאון קליני,שיטות אלטרנטיביות,1602,4,3,5 במאי 2014,5 במאי 2014
דיכאון קליני,שיחה:דיכאון קליני,"יש בעיה בהתחלה, בנתונים על דיכאון",611,1,1,9 באפריל 2015,9 באפריל 2015
דיכאון קליני,שיחה:דיכאון קליני,טיפול בגרייה מגנטית,1116,2,2,12 באוקטובר 2015,30 באוקטובר 2021
דיכאון קליני,שיחה:דיכאון קליני,כמה השגות חשובות,534,1,0,15 באוגוסט 2017,15 באוגוסט 2017
דיכאון קליני,שיחה:דיכאון קליני,דיווח שאורכב ב-18 ביולי 2020,1076,1,1,18 ביולי 2020,18 ביולי 2020
דיכאון קליני,שיחה:דיכאון קליני,נמצאו קישורים חיצוניים שצריכים תיקון (אוקטובר 2022),916,2,2,3 באוקטובר 2022,12 בנובמבר 2022
דיכאון קליני,שיחה:דיכאון קליני,נמצאו קישורים חיצוניים שצריכים תיקון (נובמבר 2022),920,2,2,11 בנובמבר 2022,12 בנובמבר 2022
דיכאון קליני,שיחה:דיכאון קליני,דיווח על טעות,31,0,0,,
דיכאון קליני,שיחה:דיכאון קליני,פרטי הדיווח,308,1,0,10 בינואר 2023,10 בינואר 2023
דיכאון קליני,שיחה:דיכאון קליני,נמצאו קישורים חיצוניים שצריכים תיקון (ינואר 2024),1064,1,1,21 בינואר 2024,21 בינואר 2024
דיכאון קליני,שיחה:דיכאון קליני,נמצאו קישורים חיצוניים שצריכים תיקון (מאי 2026),1403,1,1,31 במאי 2026,31 במאי 2026
דיכאון קליני,שיחה:דיכאון קליני,נמצאו קישורים חיצוניים שצריכים תיקון (יולי 2026),878,1,1,13 ביולי 2026,13 ביולי 2026
דיספוריה מגדרית,שיחה:דיספוריה מגדרית,ויקיזציה,183,1,1,22 במרץ 2011,22 במרץ 2011
דיספוריה מגדרית,שיחה:דיספוריה מגדרית,[[:קטגוריה:זהות מינית]],134,1,1,7 באפריל 2011,7 באפריל 2011
דיספוריה מגדרית,שיחה:דיספוריה מגדרית,עדכון הערך,335,2,2,23 באוגוסט 2013,23 באוגוסט 2013
דיספוריה מגדרית,שיחה:דיספוריה מגדרית,דיספוריה מגדרית זה לא דומה להפרעת זהות מגדרית,473,1,1,13 באפריל 2015,13 באפריל 2015
דיספוריה מגדרית,שיחה:דיספוריה מגדרית,שינוי שם הערך,198,1,1,20 ביולי 2016,20 ביולי 2016
דיספוריה מגדרית,שיחה:דיספוריה מגדרית,דיווח שאורכב ב-24 בדצמבר 2018,195,0,0,,
דיספוריה מגדרית,שיחה:דיספוריה מגדרית,איחוד ערכים,182,1,1,24 בפברואר 2019,24 בפברואר 2019
דיספוריה מגדרית,שיחה:דיספוריה מגדרית,האם ניתן לראות בקלות מהו הזיווג או זהות מגדרית של אדם?,992,2,2,20 במרץ 2019,20 במרץ 2019
דיספוריה מגדרית,שיחה:דיספוריה מגדרית,שילוב הגישה השמרנית בערך,3711,3,3,6 בינואר 2020,7 בינואר 2020
דיספוריה מגדרית,שיחה:דיספוריה מגדרית,עריכות פוליטיות ושגויות,1242,3,3,9 בינואר 2020,9 בינואר 2020
דיספוריה מגדרית,שיחה:דיספוריה מגדרית,"פרק ""היסטוריה""",6151,17,5,31 בינואר 2022,31 בינואר 2022
דיספוריה מגדרית,שיחה:דיספוריה מגדרית,דיסאינפורמציה בקישורים החיצוניים,59356,122,18,13 באפריל 2023,27 ביוני 2023
דיספוריה מגדרית,שיחה:דיספוריה מגדרית,הערות שוליים,17,0,0,,
הפרעה דו-קוטבית,שיחה:הפרעה דו-קוטבית,מאמר של '''פרופסור בלמקר''',556,1,1,8 בפברואר 2007,8 בפברואר 2007
הפרעה דו-קוטבית,שיחה:הפרעה דו-קוטבית,שוב הנודניק,2121,10,3,18 ינואר 2006,20 ינואר 2006
הפרעה דו-קוטבית,שיחה:הפרעה דו-קוטבית,עריכה,447,0,0,,
הפרעה דו-קוטבית,שיחה:הפרעה דו-קוטבית,למי צלצלו הפעמונים?,214,1,1,9 בספטמבר 2006,9 בספטמבר 2006
הפרעה דו-קוטבית,שיחה:הפרעה דו-קוטבית,onlazepam,304,2,2,9 בספטמבר 2006,10 בספטמבר 2006
הפרעה דו-קוטבית,שיחה:הפרעה דו-קוטבית,גם מניה דיפרסיה,400,1,1,14 בספטמבר 2006,14 בספטמבר 2006
הפרעה דו-קוטבית,שיחה:הפרעה דו-קוטבית,התמודדות והחלמה,536,1,1,28 באפריל 2007,28 באפריל 2007
הפרעה דו-קוטבית,שיחה:הפרעה דו-קוטבית,עדכונים,2213,3,3,4 במאי 2007,6 במאי 2007
הפרעה דו-קוטבית,שיחה:הפרעה דו-קוטבית,דיכאון ביפולרי,3197,2,2,24 ביולי 2008,25 ביולי 2008
הפרעה דו-קוטבית,שיחה:הפרעה דו-קוטבית,תיקון להגדרה שבתחילת המאמר,59,0,0,,
הפרעה דו-קוטבית,שיחה:הפרעה דו-קוטבית,משוב מ-20 באוקטובר 2011,783,3,2,20 באוקטובר 2011,20 באוקטובר 2011
הפרעה דו-קוטבית,שיחה:הפרעה דו-קוטבית,יוחנן שמידוט,113,1,0,15 ביולי 2012,15 ביולי 2012
הפרעה דו-קוטבית,שיחה:הפרעה דו-קוטבית,ניסוח עברי,1055,3,2,16 באפריל 2013,16 באפריל 2013
הפרעה דו-קוטבית,שיחה:הפרעה דו-קוטבית,קישור שבור,527,1,1,4 במאי 2013,4 במאי 2013
הפרעה דו-קוטבית,שיחה:הפרעה דו-קוטבית,קישור שבור 2,558,1,1,4 במאי 2013,4 במאי 2013
הפרעה דו-קוטבית,שיחה:הפרעה דו-קוטבית,מחלת נפש?,296,1,0,24 באוגוסט 2019,24 באוגוסט 2019
הפרעה דו-קוטבית,שיחה:הפרעה דו-קוטבית,דיווח שאורכב ב-16 בספטמבר 2020,1425,0,0,,
הפרעה דו-קוטבית,שיחה:הפרעה דו-קוטבית,נמצאו קישורים חיצוניים שצריכים תיקון (אוקטובר 2022),838,1,1,5 באוקטובר 2022,5 באוקטובר 2022
הפרעה דו-קוטבית,שיחה:הפרעה דו-קוטבית,נמצאו קישורים חיצוניים שצריכים תיקון (נובמבר 2022),737,1,1,13 בנובמבר 2022,13 בנובמבר 2022
הפרעה דו-קוטבית,שיחה:הפרעה דו-קוטבית,נמצאו קישורים חיצוניים שצריכים תיקון (מאי 2024),1001,2,2,11 במאי 2024,28 ביולי 2026
הפרעה דו-קוטבית,שיחה:הפרעה דו-קוטבית,נמצאו קישורים חיצוניים שצריכים תיקון (פברואר 2025),991,2,2,15 בפברואר 2025,2 באפריל 2025
הפרעה דו-קוטבית,שיחה:הפרעה דו-קוטבית,נמצאו קישורים חיצוניים שצריכים תיקון (יולי 2026),1026,2,2,24 ביולי 2026,28 ביולי 2026
הפרעה טורדנית-כפייתית,שיחה:הפרעה טורדנית-כפייתית,סיבתיות,434,1,1,2 באוגוסט 2009,2 באוגוסט 2009
הפרעה טורדנית-כפייתית,שיחה:הפרעה טורדנית-כפייתית,פרט לא נכון בהכרח,1751,3,4,15 בספטמבר 2009,26 במרץ 2015
הפרעה טורדנית-כפייתית,שיחה:הפרעה טורדנית-כפייתית,ביטויים גופניים למחלה,522,1,1,1 בנובמבר 2009,1 בנובמבר 2009
הפרעה טורדנית-כפייתית,שיחה:הפרעה טורדנית-כפייתית,קישורים חסרים,448,0,0,,
הפרעה טורדנית-כפייתית,שיחה:הפרעה טורדנית-כפייתית,שאלה,1422,1,1,6 במרץ 2010,6 במרץ 2010
הפרעה טורדנית-כפייתית,שיחה:הפרעה טורדנית-כפייתית,הופעה בתרבות:,127,0,0,,
הפרעה טורדנית-כפייתית,שיחה:הפרעה טורדנית-כפייתית,העמותה,519,1,1,5 בפברואר 2011,5 בפברואר 2011
הפרעה טורדנית-כפייתית,שיחה:הפרעה טורדנית-כפייתית,קישור שבור,489,1,1,14 במאי 2013,14 במאי 2013
הפרעה טורדנית-כפייתית,שיחה:הפרעה טורדנית-כפייתית,קישור שבור 2,529,1,1,14 במאי 2013,14 במאי 2013
הפרעה טורדנית-כפייתית,שיחה:הפרעה טורדנית-כפייתית,קישור שבור 3,922,1,1,25 בספטמבר 2013,25 בספטמבר 2013
הפרעה טורדנית-כפייתית,שיחה:הפרעה טורדנית-כפייתית,קישור שבור 4,399,1,1,30 בדצמבר 2013,30 בדצמבר 2013
הפרעה טורדנית-כפייתית,שיחה:הפרעה טורדנית-כפייתית,הטעיה רפואית,10627,36,3,19 באוגוסט 2021,24 באוגוסט 2021
הפרעה טורדנית-כפייתית,שיחה:הפרעה טורדנית-כפייתית,שינוי ההגדרה של ocd להפרעה נוירולוגית/של תפקוד המוח,2758,8,2,21 באוגוסט 2021,21 באוגוסט 2021
הפרעה טורדנית-כפייתית,שיחה:הפרעה טורדנית-כפייתית,רמת הכתיבה,314,1,0,16 באוקטובר 2021,16 באוקטובר 2021
הפרעה טורדנית-כפייתית,שיחה:הפרעה טורדנית-כפייתית,הפרעה וחולי זה לא אותו דבר וגם לא היינו הך,210,1,1,23 בנובמבר 2021,23 בנובמבר 2021
הפרעה טורדנית-כפייתית,שיחה:הפרעה טורדנית-כפייתית,דיווח שאורכב ב-23 במרץ 2023,759,2,1,22 במרץ 2023,22 במרץ 2023
הפרעה טורדנית-כפייתית,שיחה:הפרעה טורדנית-כפייתית,נמצאו קישורים חיצוניים שצריכים תיקון (יוני 2023),937,1,1,9 ביוני 2023,9 ביוני 2023
הפרעה טורדנית-כפייתית,שיחה:הפרעה טורדנית-כפייתית,נמצאו קישורים חיצוניים שצריכים תיקון (מאי 2024),1081,2,2,11 במאי 2024,11 במאי 2024
הפרעה טורדנית-כפייתית,שיחה:הפרעה טורדנית-כפייתית,נמצאו קישורים חיצוניים שצריכים תיקון (יולי 2026),1028,2,2,24 ביולי 2026,28 ביולי 2026
הפרעה נפשית,שיחה:הפרעה נפשית,לא לאחד,1107,3,2,6 בספטמבר 2006,7 בספטמבר 2006
הפרעה נפשית,שיחה:הפרעה נפשית,מה אנשי המקצוע עושים ?,10746,15,6,1 באוגוסט 2007,3 בינואר 2021
הפרעה נפשית,שיחה:הפרעה נפשית,"איחוד עם ""מחלת נפש""",1298,2,3,18 באוקטובר 2008,19 באוקטובר 2008
הפרעה נפשית,שיחה:הפרעה נפשית,הגדרת ההפרעה הנפשית,1087,2,2,5 בפברואר 2009,12 באוגוסט 2010
הפרעה נפשית,שיחה:הפרעה נפשית,הפרעת אישיות נורמוטית,572,0,0,,
הפרעה נפשית,שיחה:הפרעה נפשית,ההבדל בין הפרעות פסיכיאטריות למחלות רפואיות,859,1,1,17 בנובמבר 2010,17 בנובמבר 2010
הפרעה נפשית,שיחה:הפרעה נפשית,הפרעה נפשית עדיף. מיעוט לא קטן באוכלוסיה.,385,1,1,24 בינואר 2011,24 בינואר 2011
הפרעה נפשית,שיחה:הפרעה נפשית,מינוח חלופי בפתיח,1,0,0,,
הפרעה נפשית,שיחה:הפרעה נפשית,מינוח באנגלית,315,1,1,14 במאי 2014,14 במאי 2014
הפרעה נפשית,שיחה:הפרעה נפשית,שמות חלופיים בעברית,4044,6,2,14 במאי 2014,14 במאי 2014
הפרעה נפשית,שיחה:הפרעה נפשית,שינויים שאני מבקש לעשות,1355,1,2,14 במאי 2014,14 במאי 2014
הפרעה נפשית,שיחה:הפרעה נפשית,תכתוב מה שאתה רוצה. מבחינתי תכתוב גם טירוף נפש,305,2,2,14 במאי 2014,14 במאי 2014
הפרעה נפשית,שיחה:הפרעה נפשית,פתיחה בנוהל גישור,384,1,2,15 במאי 2014,15 במאי 2014
הפרעה נפשית,שיחה:הפרעה נפשית,קישור שבור,613,1,1,14 במאי 2013,14 במאי 2013
הפרעה נפשית,שיחה:הפרעה נפשית,"השמות בשפות זרות, כולל אנגלית, הם רלוונטיים",3078,4,2,15 במאי 2014,15 במאי 2014
הפרעה נפשית,שיחה:הפרעה נפשית,שינויים,573,3,2,11 ביוני 2015,12 ביוני 2015
הפרעה נפשית,שיחה:הפרעה נפשית,האם הבנתי נכון,457,2,2,3 בנובמבר 2015,4 בנובמבר 2015
הפרעה נפשית,שיחה:הפרעה נפשית,ויקיפדיה כמחוללת [[סטיגמה בבריאות הנפש]] - דוגמא בערך זה התמונה הראשית,1050,2,1,5 בינואר 2019,10 בנובמבר 2019
הפרעה נפשית,שיחה:הפרעה נפשית,משוב מ-9 באוקטובר 2020,174,1,1,9 באוקטובר 2020,9 באוקטובר 2020
הפרעה נפשית,שיחה:הפרעה נפשית,הסרת פרק טיפולים היסטוריים במקרי פסיכוזה מהערך [[סכיזופרניה]],469,1,1,12 בנובמבר 2020,12 בנובמבר 2020
הפרעה נפשית,שיחה:הפרעה נפשית,הוספת פרק במסגרת פרויקט ויקידמי : התמודדות הסביבה והמשפחה,1163,3,8,29 בדצמבר 2020,3 בינואר 2021
הפרעה נפשית,שיחה:הפרעה נפשית,האם נפש זהו המושג הנכון?,770,4,2,19 באוגוסט 2021,19 באוגוסט 2021
הפרעה נפשית,שיחה:הפרעה נפשית,שינוי סדר העדיפויות בין הפרעה נפשית להפרעה פסיכאטרית בהתאם לשימוש המדעי המקובל והנפוץ יותר היום,416,2,2,6 ביולי 2022,6 ביולי 2022
הפרעה נפשית,שיחה:הפרעה נפשית,נמצאו קישורים חיצוניים שצריכים תיקון (אוקטובר 2022),890,1,1,5 באוקטובר 2022,5 באוקטובר 2022
הפרעה נפשית,שיחה:הפרעה נפשית,למתמחי עבודה סוציאלית,531,2,0,4 ביולי 2023,4 ביולי 2023
הפרעה נפשית,שיחה:הפרעה נפשית,בעיה בקישור לערך,287,1,0,14 באוגוסט 2023,14 באוגוסט 2023
הפרעה נפשית,שיחה:הפרעה נפשית,נמצאו קישורים חיצוניים שצריכים תיקון (יולי 2026),1046,2,2,24 ביולי 2026,28 ביולי 2026
הפרעה נפשית,שיחה:הפרעה נפשית,"המאמר של ד""ר הירשמן",373,2,2,22 באוגוסט 2026,22 באוגוסט 2026
הפרעת אישיות גבולית,שיחה:הפרעת אישיות גבולית,היטלר,114,1,0,22 בנובמבר 2010,22 בנובמבר 2010
הפרעת אישיות גבולית,שיחה:הפרעת אישיות גבולית,לתשומת לבכם,454,1,1,14 בינואר 2011,14 בינואר 2011
הפרעת אישיות גבולית,שיחה:הפרעת אישיות גבולית,הפרעת אישיות גבולית...,293,0,0,,
הפרעת אישיות גבולית,שיחה:הפרעת אישיות גבולית,תודה רבה,145,1,0,27 בנובמבר 2011,27 בנובמבר 2011
הפרעת אישיות גבולית,שיחה:הפרעת אישיות גבולית,משוב מ-31 במרץ 2013,930,1,0,31 במרץ 2013,31 במרץ 2013
הפרעת אישיות גבולית,שיחה:הפרעת אישיות גבולית,לתשומת לבכם,290,2,1,13 במאי 2013,13 במאי 2013
הפרעת אישיות גבולית,שיחה:הפרעת אישיות גבולית,קישור שבור,584,1,1,27 במאי 2013,27 במאי 2013
הפרעת אישיות גבולית,שיחה:הפרעת אישיות גבולית,משוב מ-3 ביוני 2013,192,1,0,3 ביוני 2013,3 ביוני 2013
הפרעת אישיות גבולית,שיחה:הפרעת אישיות גבולית,הייתכן שחלקים מהערך מועתקים?,149,1,1,10 בינואר 2016,10 בינואר 2016
הפרעת אישיות גבולית,שיחה:הפרעת אישיות גבולית,משהו קצת מפריע לי בפסקה הבאה...,384,0,0,,
הפרעת אישיות גבולית,שיחה:הפרעת אישיות גבולית,דיווח שאורכב ב-01 במאי 2020,673,1,1,23 באפריל 2020,23 באפריל 2020
הפרעת אישיות גבולית,שיחה:הפרעת אישיות גבולית,חשוב שהשערות לא יקבלו כותרת כעובדות,794,1,1,14 ביוני 2021,14 ביוני 2021
הפרעת אישיות גבולית,שיחה:הפרעת אישיות גבולית,הצעת הוספה למומלצים,24,0,0,,
הפרעת אישיות גבולית,שיחה:הפרעת אישיות גבולית,דיון,8476,24,11,8 ביוני 2022,16 בדצמבר 2022
הפרעת אישיות גבולית,שיחה:הפרעת אישיות גבולית,נמצאו קישורים חיצוניים שצריכים תיקון (נובמבר 2022),1258,1,1,13 בנובמבר 2022,13 בנובמבר 2022
הפרעת אישיות גבולית,שיחה:הפרעת אישיות גבולית,דיווח שאורכב ב-01 בדצמבר 2022,320,1,1,30 בנובמבר 2022,30 בנובמבר 2022
הפרעת אישיות גבולית,שיחה:הפרעת אישיות גבולית,חוות דעת על הערך,667,1,1,14 בדצמבר 2022,14 בדצמבר 2022
הפרעת אישיות גבולית,שיחה:הפרעת אישיות גבולית,נמצאו קישורים חיצוניים שצריכים תיקון (מאי 2024),1067,2,2,11 במאי 2024,11 במאי 2024
הפרעת אישיות גבולית,שיחה:הפרעת אישיות גבולית,נמצאו קישורים חיצוניים שצריכים תיקון (פברואר 2025),892,1,1,15 בפברואר 2025,15 בפברואר 2025
הפרעת אישיות גבולית,שיחה:הפרעת אישיות גבולית,רבים במקום יחיד,935,2,3,14 ביולי 2026,14 ביולי 2026
הפרעת אישיות גבולית,שיחה:הפרעת אישיות גבולית,שאלה לגבי ארבעת תתי הטיפוסים על פי מילון,377,1,1,14 ביולי 2026,14 ביולי 2026
הפרעת אישיות גבולית,שיחה:הפרעת אישיות גבולית,משפט להגהה,211,1,1,14 ביולי 2026,14 ביולי 2026
הפרעת אישיות גבולית,שיחה:הפרעת אישיות גבולית,‏ארגון המידע,845,3,2,11 באוגוסט 2026,11 באוגוסט 2026
הפרעת אישיות גבולית,שיחה:הפרעת אישיות גבולית,תיקון,364,1,1,12 באוגוסט 2026,12 באוגוסט 2026
הפרעת אישיות גבולית,שיחה:הפרעת אישיות גבולית/הצעת הוספה למומלצים,[[קובץ:Article Adding.svg|25px]] הוספה: [[הפרעת אישיות גבולית]],460,4,1,20 בדצמבר 2022,8 ביוני 2022
הפרעת אישיות גבולית,שיחה:הפרעת אישיות גבולית/הצעת הוספה למומלצים,בעד ההוספה,887,7,6,20 בדצמבר 2022,27 בדצמבר 2022
הפרעת אישיות גבולית,שיחה:הפרעת אישיות גבולית/הצעת הוספה למומלצים,נגד ההוספה,1551,5,5,22 בדצמבר 2022,27 בדצמבר 2022
הפרעת דחק פוסט-טראומטית,שיחה:הפרעת דחק פוסט-טראומטית,היפר-קישורים,178,1,1,3 במרץ 2007,3 במרץ 2007
הפרעת דחק פוסט-טראומטית,שיחה:הפרעת דחק פוסט-טראומטית,הפרעת עקה בתר טראומתית,1220,4,3,29 יולי 2006,29 יולי 2006
הפרעת דחק פוסט-טראומטית,שיחה:הפרעת דחק פוסט-טראומטית,התייחסות לפרויד ופסיכונאליזה,342,2,2,30 יולי 2006,31 יולי 2006
הפרעת דחק פוסט-טראומטית,שיחה:הפרעת דחק פוסט-טראומטית,יש צורך במקף בשם הערך: [[הפרעת דחק פוסט-טראומטית]],931,5,2,13 בדצמבר 2006,13 בדצמבר 2006
הפרעת דחק פוסט-טראומטית,שיחה:הפרעת דחק פוסט-טראומטית,איחוד עם [[טראומה נפשית]],739,4,2,11 בפברואר 2009,12 בפברואר 2009
הפרעת דחק פוסט-טראומטית,שיחה:הפרעת דחק פוסט-טראומטית,משוב מ-17 באוקטובר 2012,326,2,1,17 באוקטובר 2012,17 באוקטובר 2012
הפרעת דחק פוסט-טראומטית,שיחה:הפרעת דחק פוסט-טראומטית,קישור שבור,602,2,2,14 במאי 2013,7 במרץ 2014
הפרעת דחק פוסט-טראומטית,שיחה:הפרעת דחק פוסט-טראומטית,קישור שבור 2,631,2,2,14 במאי 2013,7 במרץ 2014
הפרעת דחק פוסט-טראומטית,שיחה:הפרעת דחק פוסט-טראומטית,האקדמיה ללשון: הָלֶמֶת במקום ''פוסט טראומה'',279,2,1,9 במרץ 2014,19 ביולי 2025
הפרעת דחק פוסט-טראומטית,שיחה:הפרעת דחק פוסט-טראומטית,NLP כשיטת טיפול ב PTSD,319,1,1,19 ביולי 2025,19 ביולי 2025
הפרעת דחק פוסט-טראומטית,שיחה:הפרעת דחק פוסט-טראומטית,חוסר במקור לטענה על היקף ההפרעה בשדרות ועוטף עזה,339,1,1,19 ביולי 2025,19 ביולי 2025
הפרעת דחק פוסט-טראומטית,שיחה:הפרעת דחק פוסט-טראומטית,שיקום בישראל - עזרה בעריכה,432,1,1,14 באוקטובר 2023,14 באוקטובר 2023
הפרעת דחק פוסט-טראומטית,שיחה:הפרעת דחק פוסט-טראומטית,תבנית בעבודה,1782,3,2,16 באוקטובר 2023,16 באוקטובר 2023
הפרעת דחק פוסט-טראומטית,שיחה:הפרעת דחק פוסט-טראומטית,בעיה בקישורי ארכיון בערך (אוקטובר 2023),1191,2,2,16 באוקטובר 2023,19 ביולי 2025
הפרעת דחק פוסט-טראומטית,שיחה:הפרעת דחק פוסט-טראומטית,בעיה בקישורי ארכיון בערך (ינואר 2024),810,2,2,24 בינואר 2024,19 ביולי 2025
הפרעת דחק פוסט-טראומטית,שיחה:הפרעת דחק פוסט-טראומטית,נמצאו קישורים חיצוניים שצריכים תיקון (ינואר 2024),827,2,2,24 בינואר 2024,19 ביולי 2025
הפרעת דחק פוסט-טראומטית,שיחה:הפרעת דחק פוסט-טראומטית,התפעמות,709,1,1,2 באפריל 2024,2 באפריל 2024
הפרעת דחק פוסט-טראומטית,שיחה:הפרעת דחק פוסט-טראומטית,בעיה בקישורי ארכיון בערך (ספטמבר 2024),659,2,2,23 בספטמבר 2024,19 ביולי 2025
הפרעת דחק פוסט-טראומטית,שיחה:הפרעת דחק פוסט-טראומטית,נמצאו קישורים חיצוניים שצריכים תיקון (יולי 2025),1064,2,2,18 ביולי 2025,19 ביולי 2025
הפרעת דחק פוסט-טראומטית,שיחה:הפרעת דחק פוסט-טראומטית,נמצאו קישורים חיצוניים שצריכים תיקון (נובמבר 2025),1846,2,2,5 בנובמבר 2025,5 באפריל 2026
הפרעת דחק פוסט-טראומטית,שיחה:הפרעת דחק פוסט-טראומטית,נמצאו קישורים חיצוניים שצריכים תיקון (יולי 2026),1255,2,2,24 ביולי 2026,28 ביולי 2026
הפרעת חרדה,שיחה:הפרעת חרדה,ההתקף אינו טראומטי,4692,11,4,20 יוני 2006,25 יוני 2006
הפרעת חרדה,שיחה:הפרעת חרדה,[[הפרעות חרדה]],353,2,2,7 באוקטובר 2018,13 באוקטובר 2018
הפרעת חרדה,שיחה:הפרעת חרדה,קובץ מוויקישיתוף שנמצא בשימוש בדף  מועמד למחיקה,467,1,1,26 בפברואר 2020,26 בפברואר 2020
הפרעת חרדה,שיחה:הפרעת חרדה,נמצאו קישורים חיצוניים שצריכים תיקון (אוקטובר 2022),1271,1,1,5 באוקטובר 2022,5 באוקטובר 2022
הפרעת חרדה,שיחה:הפרעת חרדה,נמצאו קישורים חיצוניים שצריכים תיקון (אוקטובר 2022),797,1,1,24 באוקטובר 2022,24 באוקטובר 2022
הפרעת חרדה,שיחה:הפרעת חרדה,נמצאו קישורים חיצוניים שצריכים תיקון (מרץ 2024),933,1,1,19 במרץ 2024,19 במרץ 2024
הפרעת חרדה,שיחה:הפרעת חרדה,נמצאו קישורים חיצוניים שצריכים תיקון (מאי 2024),901,1,1,11 במאי 2024,11 במאי 2024
הפרעת קשב ופעלתנות יתר,שיחה:הפרעת קשב ופעלתנות יתר,הפרעת קשב אינה דועכת,3385,6,2,12 ביולי 2020,4 באוגוסט 2020
הפרעת קשב ופעלתנות יתר,שיחה:הפרעת קשב ופעלתנות יתר,דיווח שאורכב ב-11 בספטמבר 2020,653,2,2,11 בספטמבר 2020,11 בספטמבר 2020
הפרעת קשב ופעלתנות יתר,שיחה:הפרעת קשב ופעלתנות יתר,הקובץ הבא מוויקישיתוף שמשמש בדף הזה או בפריט הוויקינתונים שלו הועמד למחיקה,446,1,1,25 במרץ 2021,25 במרץ 2021
הפרעת קשב ופעלתנות יתר,שיחה:הפרעת קשב ופעלתנות יתר,הקובץ הבא מוויקישיתוף שמשמש בדף הזה או בפריט הוויקינתונים שלו הועמד למחיקה,449,1,1,18 בנובמבר 2021,18 בנובמבר 2021
הפרעת קשב ופעלתנות יתר,שיחה:הפרעת קשב ופעלתנות יתר,נמצאו קישורים חיצוניים שצריכים תיקון (אוקטובר 2022),1236,1,1,5 באוקטובר 2022,5 באוקטובר 2022
הפרעת קשב ופעלתנות יתר,שיחה:הפרעת קשב ופעלתנות יתר,פסקה מוזרה מאוד,375,1,1,6 באוקטובר 2022,6 באוקטובר 2022
הפרעת קשב ופעלתנות יתר,שיחה:הפרעת קשב ופעלתנות יתר,נמצאו קישורים חיצוניים שצריכים תיקון (אוקטובר 2022),1044,1,1,24 באוקטובר 2022,24 באוקטובר 2022
הפרעת קשב ופעלתנות יתר,שיחה:הפרעת קשב ופעלתנות יתר,נמצאו קישורים חיצוניים שצריכים תיקון (אוקטובר 2023),909,1,1,17 באוקטובר 2023,17 באוקטובר 2023
הפרעת קשב ופעלתנות יתר,שיחה:הפרעת קשב ופעלתנות יתר,"נדרש תיקון בחלק אודות ""טיפול""",10418,15,6,19 במאי 2024,10 בדצמבר 2024
הפרעת קשב ופעלתנות יתר,שיחה:הפרעת קשב ופעלתנות יתר,עדכונים ראשוניים,826,1,1,25 ביולי 2025,25 ביולי 2025
הפרעת קשב ופעלתנות יתר,שיחה:הפרעת קשב ופעלתנות יתר,שם הערך,1620,8,7,8 באוגוסט 2025,5 באוגוסט 2026
הפרעת קשב ופעלתנות יתר,שיחה:הפרעת קשב ופעלתנות יתר,שירלי הרשקו - הפרת זכויות יוצרים,1198,2,2,5 באוגוסט 2026,5 באוגוסט 2026
הפרעת קשב ופעלתנות יתר,שיחה:הפרעת קשב ופעלתנות יתר/ארכיון עד אוגוסט 2009,הסבר לשחזור,1178,1,4,12 נובמבר 2005,12 נובמבר 2005
הפרעת קשב ופעלתנות יתר,שיחה:הפרעת קשב ופעלתנות יתר/ארכיון עד אוגוסט 2009,הורים,297,2,2,21 יולי 2005,20 בינואר 2008
הפרעת קשב ופעלתנות יתר,שיחה:הפרעת קשב ופעלתנות יתר/ארכיון עד אוגוסט 2009,זכויות יוצרים ו DSM-IV criteria,564,2,2,12 נובמבר 2005,12 נובמבר 2005
הפרעת קשב ופעלתנות יתר,שיחה:הפרעת קשב ופעלתנות יתר/ארכיון עד אוגוסט 2009,שמות נרדפים להפרעה,580,2,2,14 ינואר 2006,22 ינואר 2006
הפרעת קשב ופעלתנות יתר,שיחה:הפרעת קשב ופעלתנות יתר/ארכיון עד אוגוסט 2009,סיילרט,245,1,1,22 ינואר 2006,22 ינואר 2006
הפרעת קשב ופעלתנות יתר,שיחה:הפרעת קשב ופעלתנות יתר/ארכיון עד אוגוסט 2009,ערך -הפרעת קשב וריכוז והיפראקטיביות -ADHD,4466,1,1,3 פברואר 2006,3 פברואר 2006
הפרעת קשב ופעלתנות יתר,שיחה:הפרעת קשב ופעלתנות יתר/ארכיון עד אוגוסט 2009,ראשי פרקים לנושאים שחסרים בערך,97,0,0,,
הפרעת קשב ופעלתנות יתר,שיחה:הפרעת קשב ופעלתנות יתר/ארכיון עד אוגוסט 2009,בעיות [[למידה]] הנובעות ישירות מ ADHD,1159,0,1,,
הפרעת קשב ופעלתנות יתר,שיחה:הפרעת קשב ופעלתנות יתר/ארכיון עד אוגוסט 2009,בעיות חברתיות הנובעות ישירות מ ADHD,739,0,1,,
הפרעת קשב ופעלתנות יתר,שיחה:הפרעת קשב ופעלתנות יתר/ארכיון עד אוגוסט 2009,בעיות הנגררות מחוסר טיפול מתאים ב ADHD,3203,2,3,12 באוקטובר 2009,13 באוקטובר 2009
הפרעת קשב ופעלתנות יתר,שיחה:הפרעת קשב ופעלתנות יתר/ארכיון עד אוגוסט 2009,התפתחות ההפרעה במהלך החיים אצל בעלי ADHD,891,2,2,7 פברואר 2006,7 פברואר 2006
הפרעת קשב ופעלתנות יתר,שיחה:הפרעת קשב ופעלתנות יתר/ארכיון עד אוגוסט 2009,מידע של אלון האס שולב אל תוך הערך,172,1,1,18 פברואר 2006,18 פברואר 2006
הפרעת קשב ופעלתנות יתר,שיחה:הפרעת קשב ופעלתנות יתר/ארכיון עד אוגוסט 2009,תיקון השחתה של גילגמש,654,2,2,18 פברואר 2006,18 פברואר 2006
הפרעת קשב ופעלתנות יתר,שיחה:הפרעת קשב ופעלתנות יתר/ארכיון עד אוגוסט 2009,פסקה שהוסרה,16048,9,3,24 פברואר 2006,10 במאי 2009
הפרעת קשב ופעלתנות יתר,שיחה:הפרעת קשב ופעלתנות יתר/ארכיון עד אוגוסט 2009,תמונה בעייתית,929,3,2,4 מרץ 2006,4 מרץ 2006
הפרעת קשב ופעלתנות יתר,שיחה:הפרעת קשב ופעלתנות יתר/ארכיון עד אוגוסט 2009,פיירפוקס,1049,4,2,15 מרץ 2006,15 מרץ 2006
הפרעת קשב ופעלתנות יתר,שיחה:הפרעת קשב ופעלתנות יתר/ארכיון עד אוגוסט 2009,החלטות בית הדין העליון בשבדיה,339,1,1,2 מאי 2006,2 מאי 2006
הפרעת קשב ופעלתנות יתר,שיחה:הפרעת קשב ופעלתנות יתר/ארכיון עד אוגוסט 2009,מאמרים,388,2,2,26 בדצמבר 2006,26 בדצמבר 2006
הפרעת קשב ופעלתנות יתר,שיחה:הפרעת קשב ופעלתנות יתר/ארכיון עד אוגוסט 2009,אכן אין כל קשר לאוטיזם,1339,4,3,27 בדצמבר 2006,28 בדצמבר 2006
הפרעת קשב ופעלתנות יתר,שיחה:הפרעת קשב ופעלתנות יתר/ארכיון עד אוגוסט 2009,הגנטיקה של ההפרעה,1034,3,2,7 באפריל 2007,8 באפריל 2007
הפרעת קשב ופעלתנות יתר,שיחה:הפרעת קשב ופעלתנות יתר/ארכיון עד אוגוסט 2009,עדיין יש בעיה עם הסרטון,371,2,2,12 ביוני 2007,13 ביוני 2007
הפרעת קשב ופעלתנות יתר,שיחה:הפרעת קשב ופעלתנות יתר/ארכיון עד אוגוסט 2009,מאיפה בא הריכוז?,514,2,2,14 בספטמבר 2007,22 בדצמבר 2007
הפרעת קשב ופעלתנות יתר,שיחה:הפרעת קשב ופעלתנות יתר/ארכיון עד אוגוסט 2009,מחיקת תוספת - הסבר,2818,7,3,9 בדצמבר 2007,17 בדצמבר 2007
הפרעת קשב ופעלתנות יתר,שיחה:הפרעת קשב ופעלתנות יתר/ארכיון עד אוגוסט 2009,"""[[הפרעה התפתחותית נרחבת]]"" ו- ""[[הקשת האוטיסטית|תסמונות הקשת האוטיסטית]]"" הם מונחים זהים",1313,3,3,16 בדצמבר 2007,17 בדצמבר 2007
הפרעת קשב ופעלתנות יתר,שיחה:הפרעת קשב ופעלתנות יתר/ארכיון עד אוגוסט 2009,מפעיל מערכת שחורג מסמכות -העתקה מדלפק היעוץ,3323,7,4,16 בדצמבר 2007,17 בדצמבר 2007
הפרעת קשב ופעלתנות יתר,שיחה:הפרעת קשב ופעלתנות יתר/ארכיון עד אוגוסט 2009,הקדמת תרופה למכה - הקישורית לדף הנגישות.,1638,4,2,18 בדצמבר 2007,20 בדצמבר 2007
הפרעת קשב ופעלתנות יתר,שיחה:הפרעת קשב ופעלתנות יתר/ארכיון עד אוגוסט 2009,"למה הכוונה ב-""משלוש בעיות נוירולוגיות או שילוב שלהן""?",569,1,1,19 בדצמבר 2007,19 בדצמבר 2007
הפרעת קשב ופעלתנות יתר,שיחה:הפרעת קשב ופעלתנות יתר/ארכיון עד אוגוסט 2009,אין שיחזור בלי נימוק. כמה פעמים צריך להסביר את זה?!,900,3,2,19 בדצמבר 2007,19 בדצמבר 2007
הפרעת קשב ופעלתנות יתר,שיחה:הפרעת קשב ופעלתנות יתר/ארכיון עד אוגוסט 2009,"למישהו יש מושג למה כתוב בערך הזה ""פאלם תרפי""?",2443,3,2,22 בדצמבר 2007,23 בדצמבר 2007
הפרעת קשב ופעלתנות יתר,שיחה:הפרעת קשב ופעלתנות יתר/ארכיון עד אוגוסט 2009,מה רואים בתמונה?,5734,0,0,,
הפרעת קשב ופעלתנות יתר,שיחה:הפרעת קשב ופעלתנות יתר/ארכיון עד אוגוסט 2009,הסרת הקישורית לאתר I FEEL,748,1,1,22 ביוני 2008,22 ביוני 2008
הפרעת קשב ופעלתנות יתר,שיחה:הפרעת קשב ופעלתנות יתר/ארכיון עד אוגוסט 2009,טיפול פסיכולוגי,515,3,3,8 בדצמבר 2008,9 בדצמבר 2008
הפרעת קשב ופעלתנות יתר,שיחה:הפרעת קשב ופעלתנות יתר/ארכיון עד אוגוסט 2009,"הוספת ספר ילדים כערך ""קריאה נוספת""",2436,2,2,6 באוגוסט 2009,6 באוגוסט 2009
הפרעת קשב ופעלתנות יתר,שיחה:הפרעת קשב ופעלתנות יתר/הצעת הוספה למומלצים,"[[הפרעת קשב, ריכוז והיפראקטיביות]]",1734,14,12,22 באוקטובר 2016,29 באוקטובר 2016
התאבדות,שיחה:התאבדות,יהרג ובל יעבור,682,2,2,9 אוגוסט 2005,9 אוגוסט 2005
התאבדות,שיחה:התאבדות,קישור לא תקין,134,1,1,14 ספטמבר 2005,14 ספטמבר 2005
התאבדות,שיחה:התאבדות,שיטות ההתאבדות,667,3,3,5 אוקטובר 2005,23 אוקטובר 2005
התאבדות,שיחה:התאבדות,הסבר לשחזור,967,1,1,3 פברואר 2006,3 פברואר 2006
התאבדות,שיחה:התאבדות,רשימת מתאבדים מפורסמים,2287,11,5,31 מאי 2006,11 יוני 2006
התאבדות,שיחה:התאבדות,[[אדם צ'רניאקוב]],472,1,1,12 יוני 2006,12 יוני 2006
התאבדות,שיחה:התאבדות,שווייץ,395,1,1,29 יולי 2006,29 יולי 2006
התאבדות,שיחה:התאבדות,שיטות ההתאבדות,124,1,1,7 אוגוסט 2006,7 אוגוסט 2006
התאבדות,שיחה:התאבדות,כמה הערות,976,1,1,17 בספטמבר 2006,17 בספטמבר 2006
התאבדות,שיחה:התאבדות,סוקרטס והתאבדות?,1554,5,4,3 בנובמבר 2006,7 באפריל 2007
התאבדות,שיחה:התאבדות,סטטיסטיקה,296,1,1,28 בנובמבר 2006,28 בנובמבר 2006
התאבדות,שיחה:התאבדות,התאבדות בחברה היפנית,517,3,2,28 במרץ 2007,6 באפריל 2007
התאבדות,שיחה:התאבדות,האם רק נדמה לי,1775,4,2,6 באפריל 2007,7 באפריל 2007
התאבדות,שיחה:התאבדות,הצעה לקישורים נוספום בנושא 'התאבדות',1167,1,1,7 באפריל 2007,7 באפריל 2007
התאבדות,שיחה:התאבדות,"התאבדויות בצה""ל",655,1,1,31 במאי 2007,31 במאי 2007
התאבדות,שיחה:התאבדות,מספר מתאבדים בישראל,261,1,1,14 ביוני 2007,14 ביוני 2007
התאבדות,שיחה:התאבדות,עבירה פלילית?,554,3,3,30 ביולי 2007,30 באוגוסט 2008
התאבדות,שיחה:התאבדות,שמעו אני אורח פה,639,2,2,16 ביולי 2013,7 במרץ 2015
התאבדות,שיחה:התאבדות,התאבדות בקרב בעלי חיים - עקרבים,625,2,2,4 ביוני 2009,4 ביוני 2009
התאבדות,שיחה:התאבדות,לגב מדינה שמתירה התאבדות,529,1,0,1 במאי 2017,1 במאי 2017
התאבדות,שיחה:התאבדות,תמונה,503,3,3,10 באפריל 2010,11 באפריל 2010
התאבדות,שיחה:התאבדות,חוסרים,592,3,2,11 באפריל 2010,12 במאי 2010
התאבדות,שיחה:התאבדות,התאבדויות בעלייה השניה,542,2,2,11 במאי 2010,12 במאי 2010
התאבדות,שיחה:התאבדות,"הדוגמא של רועי קליין ז""ל לא רלוונטית",790,1,1,18 בינואר 2011,18 בינואר 2011
התאבדות,שיחה:התאבדות,הגדרה קצת אחרת,559,1,2,24 בספטמבר 2011,24 בספטמבר 2011
התאבדות,שיחה:התאבדות,טעות בטענה לגבי המובליות העולמיות באחוזי התאבדות,438,1,0,14 בספטמבר 2012,14 בספטמבר 2012
התאבדות,שיחה:התאבדות,קישור שבור,518,1,1,14 במאי 2013,14 במאי 2013
התאבדות,שיחה:התאבדות,הטקסט לא מסתד,1416,2,2,16 ביולי 2013,1 במאי 2017
התאבדות,שיחה:התאבדות,יש לציין כיצד אפשר להתאבד,1,0,0,,
התאבדות,שיחה:התאבדות,קישור שבור 2,639,1,1,25 בספטמבר 2013,25 בספטמבר 2013
התאבדות,שיחה:התאבדות,מניעת התאבדות,1260,2,2,3 באוקטובר 2013,3 באוקטובר 2013
התאבדות,שיחה:התאבדות,אין התיחסות להתאבדויות בבתי סהר,981,2,1,13 בנובמבר 2014,13 בנובמבר 2014
התאבדות,שיחה:התאבדות,הצעה לעורכי ויקיפדיה,401,2,2,8 בדצמבר 2014,8 בדצמבר 2014
התאבדות,שיחה:התאבדות,התאבדות בחוק,711,2,1,3 בפברואר 2022,3 בפברואר 2022
התאבדות,שיחה:התאבדות,נמצאו קישורים חיצוניים שצריכים תיקון (נובמבר 2022),2316,1,1,13 בנובמבר 2022,13 בנובמבר 2022
התאבדות,שיחה:התאבדות,משוב מ-22 ביולי 2023,344,1,0,22 ביולי 2023,22 ביולי 2023
התאבדות,שיחה:התאבדות,עדכון טבלת מדינות,718,1,0,18 באוגוסט 2023,18 באוגוסט 2023
התאבדות,שיחה:התאבדות,"עריכות חשובות בוטלו, תבנית תחזוקה דרושה",1697,4,4,20 באוגוסט 2023,20 באוגוסט 2023
התאבדות,שיחה:התאבדות,נמצאו קישורים חיצוניים שצריכים תיקון (אוקטובר 2023),774,1,1,18 באוקטובר 2023,18 באוקטובר 2023
התאבדות,שיחה:התאבדות,נמצאו קישורים חיצוניים שצריכים תיקון (מרץ 2024),1094,1,1,20 במרץ 2024,20 במרץ 2024
התאבדות,שיחה:התאבדות,נמצאו קישורים חיצוניים שצריכים תיקון (יולי 2024),875,1,1,4 ביולי 2024,4 ביולי 2024
התאבדות,שיחה:התאבדות,שיפור הערך על בסיס מקורות מדעיים שניוניים,287,1,1,29 באוגוסט 2026,29 באוגוסט 2026
התמכרות,שיחה:התמכרות,נמצאו קישורים חיצוניים שצריכים תיקון (מאי 2024),835,1,1,13 במאי 2024,13 במאי 2024
התמכרות,שיחה:התמכרות,נמצאו קישורים חיצוניים שצריכים תיקון (יולי 2024),893,1,1,4 ביולי 2024,4 ביולי 2024
התמכרות,שיחה:התמכרות,נמצאו קישורים חיצוניים שצריכים תיקון (נובמבר 2025),943,1,1,9 בנובמבר 2025,9 בנובמבר 2025
סכיזופרניה,שיחה:סכיזופרניה,שינוי,626,2,2,7 בינואר 2007,10 בדצמבר 2007
סכיזופרניה,שיחה:סכיזופרניה,שאלה ליוסריאן,574,1,2,7 בספטמבר 2009,7 בספטמבר 2009
סכיזופרניה,שיחה:סכיזופרניה,מה זה כרוני?,2924,6,3,18 בדצמבר 2010,18 בנובמבר 2020
סכיזופרניה,שיחה:סכיזופרניה,"הסרת ""רעיונות מופשטים""",364,1,1,1 באפריל 2013,1 באפריל 2013
סכיזופרניה,שיחה:סכיזופרניה,"שאלה, איך אפשר לדעת שהירידה התפקודית וההבדלים בתוחלת החיים המתוארים בסוף הפסקה הראשונה, הם תוצאה של המחלה ולא של הטיפול התרופתי?",5440,2,1,14 ביוני 2014,27 ביוני 2014
סכיזופרניה,שיחה:סכיזופרניה,הפרעה או מחלה?,201,1,1,14 במרץ 2015,14 במרץ 2015
סכיזופרניה,שיחה:סכיזופרניה,חומרים פסיכוטוגניים?,779,2,2,14 במרץ 2015,18 במאי 2020
סכיזופרניה,שיחה:סכיזופרניה,דעות קדומות על חולי סכיזופרניה,675,0,0,,
סכיזופרניה,שיחה:סכיזופרניה,בעבודה,902,1,1,1 בספטמבר 2017,1 בספטמבר 2017
סכיזופרניה,שיחה:סכיזופרניה,המודל הביולוגי רפואי,1805,7,3,23 במאי 2020,2 בנובמבר 2020
סכיזופרניה,שיחה:סכיזופרניה,רק שאלה,1940,3,2,20 בספטמבר 2019,16 במאי 2020
סכיזופרניה,שיחה:סכיזופרניה,שלום לכל קוראי הערך סכיזופרניה. כנסו,595,1,1,17 במאי 2020,17 במאי 2020
סכיזופרניה,שיחה:סכיזופרניה,מה מבטאת התמונה שבטבלת הערך?,302,2,1,18 במאי 2020,18 במאי 2020
סכיזופרניה,שיחה:סכיזופרניה,הסרת פרק טיפולים היסטוריים במקרי פסיכוזה,721,1,1,12 בנובמבר 2020,12 בנובמבר 2020
סכיזופרניה,שיחה:סכיזופרניה,משוב מ-4 במאי 2021,2113,10,4,4 במאי 2021,6 במאי 2021
סכיזופרניה,שיחה:סכיזופרניה,הצעת הוספה למומלצים,1,0,0,,
סכיזופרניה,שיחה:סכיזופרניה,דיון,5745,19,9,10 באוגוסט 2021,2 במאי 2024
סכיזופרניה,שיחה:סכיזופרניה,שסעת,850,2,2,2 בנובמבר 2021,2 בנובמבר 2021
סכיזופרניה,שיחה:סכיזופרניה,הערך דורש טיפול,1041,6,3,28 בדצמבר 2021,19 בפברואר 2022
סכיזופרניה,שיחה:סכיזופרניה,מחקרים העוסקים בגורמים ביולוגים - חסרה התייחסות להשפעה אפשרית של תרופות אנטי-פסיכוטיות,949,3,2,9 בפברואר 2022,19 בפברואר 2022
סכיזופרניה,שיחה:סכיזופרניה,נמצאו קישורים חיצוניים שצריכים תיקון (אוקטובר 2022),1322,2,2,13 באוקטובר 2022,13 באוקטובר 2022
סכיזופרניה,שיחה:סכיזופרניה,נמצאו קישורים חיצוניים שצריכים תיקון (אוקטובר 2022),1092,1,1,30 באוקטובר 2022,30 באוקטובר 2022
סכיזופרניה,שיחה:סכיזופרניה,נמצאו קישורים חיצוניים שצריכים תיקון (נובמבר 2023),2076,2,2,15 בנובמבר 2023,15 בנובמבר 2023
סכיזופרניה,שיחה:סכיזופרניה,הצעת הסרה מהמומלצים,24,0,0,,
סכיזופרניה,שיחה:סכיזופרניה,דיון,2098,3,8,2 במאי 2024,5 במאי 2024
סכיזופרניה,שיחה:סכיזופרניה,ערך מסורבל,546,2,2,2 באפריל 2025,2 באפריל 2025
סכיזופרניה,שיחה:סכיזופרניה,נמצאו קישורים חיצוניים שצריכים תיקון (אוגוסט 2026),914,1,1,11 באוגוסט 2026,11 באוגוסט 2026
סכיזופרניה,שיחה:סכיזופרניה/ארכיון: דיונים לא רלוונטיים,שאלה,783,1,1,20 ביולי 2010,20 ביולי 2010
סכיזופרניה,שיחה:סכיזופרניה/ארכיון: דיונים לא רלוונטיים,אולי טעות כתיב?,256,2,2,15 באוגוסט 2006,17 במאי 2020
סכיזופרניה,שיחה:סכיזופרניה/ארכיון סכיזופרניה,שאלה,910,2,2,20 ביולי 2010,18 במאי 2020
סכיזופרניה,שיחה:סכיזופרניה/ארכיון סכיזופרניה,עריכה מחדש,488,1,1,14 יולי 2006,14 יולי 2006
סכיזופרניה,שיחה:סכיזופרניה/ארכיון סכיזופרניה,אולי טעות כתיב?,283,2,2,15 באוגוסט 2006,18 במאי 2020
סכיזופרניה,שיחה:סכיזופרניה/ארכיון סכיזופרניה,מה בדיוק אמורה להביע התמונה של המוח?,1810,3,2,16 במאי 2010,15 באוגוסט 2010
סכיזופרניה,שיחה:סכיזופרניה/ארכיון סכיזופרניה,תג <nowiki>{{בעבודה}}</nowiki>,603,3,3,22 ביוני 2011,18 במאי 2020
סכיזופרניה,שיחה:סכיזופרניה/ארכיון סכיזופרניה,מחלת נפש,1379,6,3,18 בדצמבר 2010,18 במאי 2020
סכיזופרניה,שיחה:סכיזופרניה/ארכיון סכיזופרניה,נמוך אך גבוה,1065,3,3,20 ביולי 2010,18 במאי 2020
סכיזופרניה,שיחה:סכיזופרניה/ארכיון סכיזופרניה,קישור שבור,630,2,2,4 במאי 2013,18 במאי 2020
סכיזופרניה,שיחה:סכיזופרניה/ארכיון סכיזופרניה,קישור שבור 2,590,2,2,15 במאי 2013,18 במאי 2020
סכיזופרניה,שיחה:סכיזופרניה/ארכיון סכיזופרניה,קישור שבור 3,646,2,2,17 ביוני 2013,18 במאי 2020
סכיזופרניה,שיחה:סכיזופרניה/ארכיון סכיזופרניה,דיווח על טעות,31,0,0,,
סכיזופרניה,שיחה:סכיזופרניה/ארכיון סכיזופרניה,פרטי הדיווח,1012,5,4,7 בפברואר 2014,18 במאי 2020
סכיזופרניה,שיחה:סכיזופרניה/הצעת הוספה למומלצים,[[קובץ:Article Adding.svg|25px]] הוספה: [[סכיזופרניה]],518,5,1,25 באוקטובר 2021,9 בנובמבר 2021
סכיזופרניה,שיחה:סכיזופרניה/הצעת הוספה למומלצים,בעד הוספה,945,8,7,30 באוקטובר 2021,31 באוקטובר 2021
סכיזופרניה,שיחה:סכיזופרניה/הצעת הוספה למומלצים,נגד הוספה,186,1,1,6 בנובמבר 2021,6 בנובמבר 2021
סכיזופרניה,שיחה:סכיזופרניה/הצעת הוספה למומלצים,[[קובץ:Article Remove.svg|30px]] הסרה: [[סכיזופרניה]],278,1,1,2 במאי 2024,2 במאי 2024
סכיזופרניה,שיחה:סכיזופרניה/הצעת הוספה למומלצים,בעד הסרה,916,7,6,31 באוגוסט 2024,6 בספטמבר 2024
סכיזופרניה,שיחה:סכיזופרניה/הצעת הוספה למומלצים,נגד הסרה,11,0,0,,
פדופיליה,שיחה:פדופיליה,תקנו אותי אם אני טועה,3732,12,5,2 בנובמבר 2006,2 בנובמבר 2006
פדופיליה,שיחה:פדופיליה,"וכעת, משנכתב הערך [[פאראפיליה]]",1706,4,3,26 בדצמבר 2006,8 באפריל 2007
פדופיליה,שיחה:פדופיליה,בעיה בערך,1207,3,2,14 ביוני 2007,17 ביוני 2007
פדופיליה,שיחה:פדופיליה,הערך דורש הגנה,122,1,1,24 במאי 2008,24 במאי 2008
פדופיליה,שיחה:פדופיליה,החוק מגדיר פדופיל?,529,1,1,13 באוקטובר 2008,13 באוקטובר 2008
פדופיליה,שיחה:פדופיליה,עריכה שונתה בערך,12507,9,4,7 במרץ 2011,9 במרץ 2011
פדופיליה,שיחה:פדופיליה,תגובה לאלמוני,863,3,1,9 במרץ 2011,9 במרץ 2011
פדופיליה,שיחה:פדופיליה,תגובה לדני,2003,1,1,9 במרץ 2011,9 במרץ 2011
פדופיליה,שיחה:פדופיליה,בדיחה עצובה,3454,4,3,18 במרץ 2011,23 במרץ 2011
פדופיליה,שיחה:פדופיליה,תת נושא - פדופיליה ברשת,825,1,1,30 במרץ 2011,30 במרץ 2011
פדופיליה,שיחה:פדופיליה,"בשעה טובה הוסף תת הנושא ""פדופיליה ברשת""",2734,6,3,12 באפריל 2011,14 באפריל 2011
פדופיליה,שיחה:פדופיליה,"""כל פעולה מינית עם ילדים, מכל סוג שהיא, עונה על ההגדרה של פדופיל על ידי ה-DSM""",587,0,0,,
פדופיליה,שיחה:פדופיליה,הערה והארה,453,1,0,11 במרץ 2013,11 במרץ 2013
פדופיליה,שיחה:פדופיליה,קישור שבור,575,1,1,16 במאי 2013,16 במאי 2013
פדופיליה,שיחה:פדופיליה,קישור שבור 2,638,1,1,16 במאי 2013,16 במאי 2013
פדופיליה,שיחה:פדופיליה,קישור שבור 3,514,1,1,16 במאי 2013,16 במאי 2013
פדופיליה,שיחה:פדופיליה,קישור שבור 4,453,1,1,16 במאי 2013,16 במאי 2013
פדופיליה,שיחה:פדופיליה,קישור שבור 5,513,1,1,16 במאי 2013,16 במאי 2013
פדופיליה,שיחה:פדופיליה,קישור שבור 6,414,1,1,16 במאי 2013,16 במאי 2013
פדופיליה,שיחה:פדופיליה,קישור שבור 7,540,1,1,16 במאי 2013,16 במאי 2013
פדופיליה,שיחה:פדופיליה,קישור שבור 8,404,1,1,16 במאי 2013,16 במאי 2013
פדופיליה,שיחה:פדופיליה,קישור שבור 9,409,1,1,16 במאי 2013,16 במאי 2013
פדופיליה,שיחה:פדופיליה,קישור שבור 10,397,1,1,16 במאי 2013,16 במאי 2013
פדופיליה,שיחה:פדופיליה,קישור שבור 11,563,1,1,16 במאי 2013,16 במאי 2013
פדופיליה,שיחה:פדופיליה,קישור שבור 12,569,1,1,16 במאי 2013,16 במאי 2013
פדופיליה,שיחה:פדופיליה,קישור שבור 13,391,1,1,16 במאי 2013,16 במאי 2013
פדופיליה,שיחה:פדופיליה,קישור שבור 14,607,1,1,16 במאי 2013,16 במאי 2013
פדופיליה,שיחה:פדופיליה,עברות מין ופשעים נגד ילדים,315,1,0,5 באוקטובר 2015,5 באוקטובר 2015
פדופיליה,שיחה:פדופיליה,"""פֶּדוֹפִילְיָה, מחלה בהגדרתה הרפואית-פסיכולוגית""",224,0,0,,
פדופיליה,שיחה:פדופיליה,נמצאו קישורים חיצוניים שצריכים תיקון (דצמבר 2022),907,1,1,27 בדצמבר 2022,27 בדצמבר 2022
פסיכופתיה,שיחה:פסיכופתיה,מי מכיר? מי יודע?,1101,5,3,30 בספטמבר 2006,30 בספטמבר 2006
פסיכופתיה,שיחה:פסיכופתיה,הפניה?,492,2,2,20 באוקטובר 2006,17 בדצמבר 2008
פסיכופתיה,שיחה:פסיכופתיה,פסיכופתיה -  מובן רחב ומובן מצומצם,459,1,1,17 בדצמבר 2008,17 בדצמבר 2008
פסיכופתיה,שיחה:פסיכופתיה,שאלה,958,3,2,28 ביוני 2010,28 ביוני 2010
פסיכופתיה,שיחה:פסיכופתיה,סקייפ השתלט על הערך,498,2,2,28 ביוני 2010,28 ביוני 2010
פסיכופתיה,שיחה:פסיכופתיה,אובייקטיביות,463,1,1,17 בספטמבר 2011,17 בספטמבר 2011
פסיכופתיה,שיחה:פסיכופתיה,משוב מ-02 בספטמבר 2011,381,2,1,2 בספטמבר 2011,2 בספטמבר 2011
פסיכופתיה,שיחה:פסיכופתיה,מעולה.,104,1,0,24 ביוני 2012,24 ביוני 2012
פסיכופתיה,שיחה:פסיכופתיה,איבחון,200,1,0,23 בינואר 2013,23 בינואר 2013
פסיכופתיה,שיחה:פסיכופתיה,האם הערך מדוייק?,1254,2,1,4 במאי 2013,4 במאי 2013
פסיכופתיה,שיחה:פסיכופתיה,קישור שבור,453,1,1,25 בספטמבר 2013,25 בספטמבר 2013
פסיכופתיה,שיחה:פסיכופתיה,רומנטיזציה.,825,1,1,13 בספטמבר 2018,13 בספטמבר 2018
פסיכופתיה,שיחה:פסיכופתיה,הבהרה,1101,2,2,13 בספטמבר 2018,13 בספטמבר 2018
פסיכופתיה,שיחה:פסיכופתיה,סטטיסטיקה,1073,1,1,23 בספטמבר 2018,23 בספטמבר 2018
פסיכופתיה,שיחה:פסיכופתיה,קישורים חיצוניים,3346,5,2,28 בספטמבר 2018,30 בספטמבר 2018
פסיכופתיה,שיחה:פסיכופתיה,הצעת הוספה למומלצים,24,0,0,,
פסיכופתיה,שיחה:פסיכופתיה,דיון,7154,22,12,6 באוקטובר 2018,26 בדצמבר 2018
פסיכופתיה,שיחה:פסיכופתיה,עבריינות,899,1,1,18 בפברואר 2019,18 בפברואר 2019
פסיכופתיה,שיחה:פסיכופתיה,קובץ מוויקישיתוף שבשימוש בדף זה הועמד למחיקה מהירה,429,1,1,27 בפברואר 2019,27 בפברואר 2019
פסיכופתיה,שיחה:פסיכופתיה,אימפולסיביים או מתוכננים?,885,1,1,4 באוקטובר 2019,4 באוקטובר 2019
פסיכופתיה,שיחה:פסיכופתיה,הסרת הערה ישנה,448,1,0,8 באוקטובר 2020,8 באוקטובר 2020
פסיכופתיה,שיחה:פסיכופתיה,נמצאו קישורים חיצוניים שצריכים תיקון (דצמבר 2022),1636,1,1,27 בדצמבר 2022,27 בדצמבר 2022
פסיכופתיה,שיחה:פסיכופתיה,נמצאו קישורים חיצוניים שצריכים תיקון (ינואר 2023),997,1,1,13 בינואר 2023,13 בינואר 2023
פסיכופתיה,שיחה:פסיכופתיה,נמצאו קישורים חיצוניים שצריכים תיקון (יוני 2023),956,1,1,16 ביוני 2023,16 ביוני 2023
פסיכופתיה,שיחה:פסיכופתיה,בעיה בקישורי ארכיון בערך (אוגוסט 2023),1448,1,1,23 באוגוסט 2023,23 באוגוסט 2023
פסיכופתיה,שיחה:פסיכופתיה,נמצאו קישורים חיצוניים שצריכים תיקון (יוני 2024),849,1,1,1 ביוני 2024,1 ביוני 2024
פסיכופתיה,שיחה:פסיכופתיה,נמצאו קישורים חיצוניים שצריכים תיקון (אוקטובר 2024),892,1,1,6 באוקטובר 2024,6 באוקטובר 2024
פסיכופתיה,שיחה:פסיכופתיה,דיווח על טעות,31,0,0,,
פסיכופתיה,שיחה:פסיכופתיה,פרטי הדיווח,289,1,0,16 בדצמבר 2024,16 בדצמבר 2024
פסיכופתיה,שיחה:פסיכופתיה,פסיכופתיה כמבנה,13330,19,3,17 באוקטובר 2025,25 בנובמבר 2025
פסיכופתיה,שיחה:פסיכופתיה,נמצאו קישורים חיצוניים שצריכים תיקון (אוגוסט 2026),839,1,1,13 באוגוסט 2026,13 באוגוסט 2026
פסיכופתיה,שיחה:פסיכופתיה/הצעת הוספה למומלצים,הוספה: [[פסיכופתיה]],2395,15,9,14 בדצמבר 2018,27 בדצמבר 2018
פסיכותרפיה,שיחה:פסיכותרפיה,ביקורת,1565,2,2,13 בפברואר 2009,13 בפברואר 2009
פסיכותרפיה,שיחה:פסיכותרפיה,לא ברור,4129,2,1,24 באפריל 2011,25 באפריל 2011
פסיכותרפיה,שיחה:פסיכותרפיה,שם הערך,4051,6,3,13 באוגוסט 2011,8 בספטמבר 2011
פסיכותרפיה,שיחה:פסיכותרפיה,אני חושב שראוי להוסיף מידע על ההסמכה לעיסוק בפסיכותרפיה,4392,7,4,6 בדצמבר 2012,25 במאי 2013
פסיכותרפיה,שיחה:פסיכותרפיה,קישור שבור,459,1,1,16 במאי 2013,16 במאי 2013
פסיכותרפיה,שיחה:פסיכותרפיה,על ערך זה להיות מוגן חלקית,328,2,2,23 במאי 2013,4 באוגוסט 2014
פסיכותרפיה,שיחה:פסיכותרפיה,מה קריטי יותר,7603,11,4,1 באוקטובר 2013,2 באוקטובר 2013
פסיכותרפיה,שיחה:פסיכותרפיה,סעיף קישורים חיצוניים,2714,5,3,15 באוקטובר 2013,15 באוקטובר 2013
פסיכותרפיה,שיחה:פסיכותרפיה,בדיקת הקישורים,3039,2,2,15 באוקטובר 2013,16 באוקטובר 2013
פסיכותרפיה,שיחה:פסיכותרפיה,טכניקות ושיטות,338,1,1,4 באוגוסט 2014,4 באוגוסט 2014
פסיכותרפיה,שיחה:פסיכותרפיה,בעיה בקישורי ארכיון בערך (אוגוסט 2023),612,1,1,23 באוגוסט 2023,23 באוגוסט 2023
פסיכותרפיה,שיחה:פסיכותרפיה,מידע לא נכון תחת הכותרת הסמכה והיתר לעסוק בפסיכותרפיה בישראל,190,1,0,15 בדצמבר 2023,15 בדצמבר 2023
פסיכותרפיה,שיחה:פסיכותרפיה,ערך מומלץ,112,1,1,13 באוקטובר 2025,13 באוקטובר 2025
פסיכותרפיה,שיחה:פסיכותרפיה,תיאור מצב חוקי וטענות ללא מקור,4552,11,4,27 באפריל 2026,28 באפריל 2026
פסיכותרפיה,שיחה:פסיכותרפיה,בדיקה,309,2,1,28 באפריל 2026,28 באפריל 2026
פסיכותרפיה,שיחה:פסיכותרפיה,הצעה לדיוק ההגדרה האנציקלופדית של פסיכותרפיה אל מול טיפול באמנויות,3234,6,2,2 במאי 2026,6 במאי 2026
פסיכותרפיה,שיחה:פסיכותרפיה,נמצאו קישורים חיצוניים שצריכים תיקון (אוגוסט 2026),1124,2,1,13 באוגוסט 2026,13 באוגוסט 2026
